class,g_reflection,i_reflection,speed,brightness,time_of_observance,volume
transport,2.1906722187398815,6.7166328073799555,62.168207561358,0.347465021759117,158221,44.93244608479791
transport,3.4532758542438504,8.995908596922032,62.99470682796765,0.5900936844970208,385972,41.56830000571521
transport,2.432993875742652,6.938690729093191,62.24580677848954,0.3292878484310676,446482,40.12346741609167
fighter,6.083762715264727,3.019459474985637,18.474554696416455,0.17473779239563852,210125,11.384865339446504
fighter,12.876768803365778,2.452949855160217,195.805771069772,0.15044571388709585,23109,11.328806237528324
cruiser,11.83961994310824,11.175052956124933,14.148614897932523,0.7270485644742776,366230,344.8689893069895
transport,3.5830816376454933,9.11806940137871,62.57338871599884,0.529415943689113,268752,48.811193905509604
fighter,16.18537959576484,3.686698315920193,561.2390667170102,0.1770236472523401,130305,11.063792211010698
transport,3.4286048182410824,7.933888819032123,63.785882378772634,0.44525852502479063,358659,46.37830433886236
transport,3.632056282440638,8.94529912124613,62.77170883408979,0.36181450067286963,493153,43.07098651313128
fighter,9.468370808209055,3.0580115466388835,690.7271896530511,0.15077342309784736,28856,13.880643877934741
fighter,12.146224138465161,5.094015588286627,357.3281760468455,0.1349042745064286,380638,10.142749216400128
fighter,13.283432672431111,3.525820625146973,132.47341976502383,0.19455256839064855,552164,11.80209911070692
fighter,9.260027130100573,5.475400572301092,338.2675580878766,0.19956319744911702,21320,11.062829250884423
transport,3.2325124891994763,6.900194392169806,62.26780557126189,0.5078314791454059,227919,45.66555788513762
cruiser,12.250560694212071,9.945198018709624,19.73046695879581,0.6111230617276195,159260,452.8300158887971
transport,5.62281323738072,7.12223687243482,62.08910194751587,0.5681665743098536,177124,39.752419110208116
transport,2.8605644351222823,8.079137479820098,62.509682933925674,0.5593047647824699,101845,42.16430112236921
transport,2.617450062849072,9.116283379132508,62.970675917826924,0.5453835381484,369363,49.388059638598776
fighter,8.260849849602788,6.873622099972594,41.94253535231514,0.14369761869600534,193192,13.704267010849213
transport,2.5495197101161113,9.075917447089742,62.01655749945261,0.5845394096107493,255969,45.83694457004849
fighter,14.517814322452798,4.20468445373291,20.40892317867509,0.1659233182051137,15996,11.008141023143432
transport,2.978798260051136,7.948053805457795,62.42587255111744,0.32603456694381927,434338,44.6317400305214
transport,3.1822089141030956,7.061518866658703,62.17269710765151,0.599471134832825,391323,47.865181024184196
transport,2.7574904474628243,7.125773736900299,62.412993414572085,0.4072419069677876,169141,40.06070954312121
fighter,10.249888307066165,4.0009347700758235,318.6655233695715,0.12400051711983724,492287,11.940061637580243
fighter,13.572371307481836,3.4545229617419766,397.9450739590074,0.11266945551927378,91182,13.475425119876176
transport,3.112566090141721,7.8687194188243135,62.174099886963894,0.5526557355685564,88856,46.02222522574874
fighter,10.68844235604821,2.395584193555038,434.96474877547126,0.17141393295559798,218601,10.489966760853509
fighter,11.021299293606736,4.357411159233324,451.09993833619984,0.12392455540442558,456770,10.853106366340329
fighter,6.348350333046833,6.5611863928594465,647.5429290827648,0.1045536873510829,287267,9.152253577516321
transport,1.3713417675058641,8.191026854094229,62.71665422963701,0.3698521397936776,46441,46.026116968836966
fighter,7.570190815875845,4.013799643647851,445.390248726069,0.18244881169756635,86965,10.212222365845655
cruiser,13.394708931377263,7.8290751543262775,70.8553204432522,0.43302219663535335,331397,376.00213065191645
cruiser,13.453951541080727,8.955181712209468,128.4405038805491,0.5092426387616836,519787,474.786805997422
cruiser,12.79633877989003,10.013733049434403,383.22121035772096,0.6801047250121867,341751,343.825363519501
transport,3.849607417570868,6.901903061460741,63.093991103384106,0.5158216465403588,117685,47.924616184341346
fighter,9.216142458905015,9.227632334998162,418.7169526310084,0.14998388037147276,192980,11.863046318063645
fighter,9.487343341530217,2.173991737594352,455.1581301150112,0.1303135069296869,322372,11.271640840891022
cruiser,11.535494463087232,9.011285963848232,110.22644352072204,0.7886011678253164,34861,437.98771471872107
fighter,5.51436531493303,3.932865080314286,277.2308765071395,0.18170609574782146,274132,14.6591377873615
transport,2.78376188716872,8.063537116019477,63.19893613876958,0.5778862831873065,491919,43.12028019072292
cruiser,10.019978708123093,9.961744117288259,195.85366993012804,0.6380343932221708,141868,301.7298793266845
fighter,7.069178360089075,3.966413872085634,582.5948299223114,0.14549932820733408,567040,10.083923569658493
transport,4.380458582659225,8.094900270009457,62.88912107574333,0.33619132216652,502939,42.99015637400039
fighter,11.337753393277275,3.9338137904471324,692.2396229432999,0.1697291194009814,42999,14.24356267833877
fighter,8.9214571240839,10.462676277700082,516.9323634179725,0.11764098483001634,180870,10.080706596211165
transport,2.678582543422576,9.129139590831647,62.747192525771766,0.49176455639374317,56431,47.13585815329195
fighter,11.779080795934327,3.580853098009613,529.2688608476399,0.17942309187376448,308221,14.595628624867528
transport,4.024467709889445,8.05465091678921,64.17732741660494,0.34601541139011005,250546,48.85872327217723
transport,3.2988414362703624,6.962181609288169,63.804014531381476,0.3756493803273733,300758,49.49736331198408
transport,2.0128813042523905,7.194256783981915,62.140374084201014,0.43205503814608137,438229,42.180784902217546
transport,4.166541549607168,6.944946177704569,62.16134559592085,0.592279932812094,5130,43.633729716858234
transport,4.192211387292858,6.865619386377161,62.39591157336612,0.4935977229170676,211218,42.86178834384372
fighter,14.440328829562038,4.7247921305552545,12.822346504280688,0.1814950530085985,479435,12.587150078363704
transport,2.6025188331023106,6.86480143999217,63.19654019149944,0.38047371296343024,543156,45.187798912781055
fighter,11.537132607711877,5.181081671106233,656.7546793594285,0.14063501249788982,163411,12.81845422380456
fighter,7.821950639082493,6.632654292642046,314.13914739988275,0.14647658824703325,405197,10.961305933671685
transport,3.5787617823136837,8.074563442532726,62.69904977589134,0.5657464429752777,402793,47.095790722192355
fighter,7.0525847113862525,7.29659583069156,240.29560661898444,0.19924071866468884,7669,11.927924940879443
transport,3.2554925079145343,8.032540304843794,63.50516308146691,0.3991122669477841,351908,46.83279392930273
transport,3.9570034705156307,6.943425248216285,63.25802372660776,0.5062201902634113,303667,41.91863799158281
fighter,10.801627940147695,11.481238470702095,517.3016784763892,0.1151442452677681,217393,10.22324576745567
fighter,8.859958472250131,2.1168704994491114,341.5168006144561,0.15818376015676733,80305,10.194693519256369
fighter,11.572803086643903,3.096283071320637,241.28261060061246,0.1423823061394648,232203,12.863662170786062
transport,3.1827808564132933,8.040980015387856,62.0100714038508,0.4992687824177483,386428,46.73541115191701
transport,4.522049048782843,8.150241419472312,63.62968980963204,0.32942004901698657,6176,42.70956572261386
transport,2.705813902084767,8.929327726104939,62.68484648304071,0.5276590099927027,376913,46.1750878674604
fighter,9.860471298746365,2.0417281300430505,609.4761146218286,0.12502725226469397,382424,13.14333032075269
fighter,12.37912692969119,4.555935732340088,51.364475227475246,0.1771848799636059,521263,12.166209212836023
transport,2.1349364493839875,8.866627131631615,63.03590552442586,0.46639883726226006,197153,46.930261953378036
fighter,11.900710357979591,4.344458570013135,33.3587783692259,0.1794669083188797,11086,10.559740869425681
fighter,7.640282120865589,5.610925219404169,407.0289424753512,0.12037056682086844,44851,9.581086284397575
fighter,6.715183319105536,2.4088290805074783,586.2379739966519,0.13024223612293823,208707,11.954310871865848
transport,3.7452052143586965,7.889889545056364,62.75336405340566,0.3340657585321432,357444,42.122955812831265
fighter,8.540287828160062,2.237386429129281,416.76878626778836,0.1993327031698397,450416,12.130713899552239
fighter,9.67268487361661,2.9492074728001176,453.8750723679522,0.14509555577321126,89848,11.447322258600853
transport,3.463475174715111,9.004083074138077,63.249715788506364,0.4597868619647307,167664,42.945775479820185
transport,5.610510066926606,7.016709929485632,62.15225089942275,0.42220309048761273,207832,47.95979486177186
fighter,13.327667585400722,5.6276307913169195,237.69988718028597,0.10429017424795756,359542,13.140880531465598
fighter,9.50383206232786,3.518894247920587,635.0465715234975,0.15216376630084194,412211,10.824956202929952
fighter,8.08872566226192,3.0423023539526715,508.3648232697433,0.12968487754488933,333522,13.940043920868158
cruiser,13.707909015288916,7.939183356340418,398.0344273995886,0.6982686195565629,403240,445.2093259679067
transport,3.546988102551384,7.900290897829083,62.05583963527677,0.47591979108642524,299528,48.844886672482666
fighter,9.187566448660093,2.4261904597007136,468.6707532347107,0.10820162252143317,421606,10.542709785648903
transport,3.203593915349268,6.939361036863609,62.19959860277487,0.4071050299199742,11313,43.88829576659018
fighter,9.325300577464066,5.5553415141619364,372.63111219655264,0.17878828817274034,1643,11.428170936024163
fighter,8.52404274597551,6.328178315158601,381.71426731433337,0.1705909113165769,281018,11.554322883797438
fighter,9.72336863078245,8.223297072638061,516.0640334681838,0.12124181727848299,53526,10.096959523776945
fighter,13.134828981916424,5.5529018943830515,305.72048490470075,0.18525037225543825,509297,13.174467793894847
fighter,10.055840908223368,6.647842735035764,673.3483029797051,0.12912130420214216,40689,12.784286514225453
fighter,7.192663113986152,6.277756103269406,11.348152881417096,0.16173014601304422,285050,12.836969895494311
transport,4.078529820406184,6.991569492977802,62.05671005392869,0.4277707399535874,564435,47.720719324270995
fighter,16.72373869934431,6.365403323273941,516.9006896116715,0.11348982040170756,240440,13.869265404143954
fighter,7.498838750225835,7.9964034888743525,522.5453990161718,0.17220144791645242,140233,10.823876871441605
transport,3.580591150327294,7.128215070394274,62.241813141627226,0.5093980919746306,98099,45.053950557961656
transport,2.3315170360617374,7.019094228854247,63.360688318868576,0.48136420931309154,53090,40.08468375309661
fighter,9.809920991172493,3.629271006712766,555.6141263896048,0.12089076853026215,221710,10.674318241096175
transport,4.519240284110941,8.893530868877983,62.36228943211057,0.38757647873619727,295316,46.259226427852475
fighter,11.43984892348581,2.6218634955618,116.63474133622275,0.19810315360944056,9880,12.934082981505567
fighter,7.286901202746527,4.08075808151467,270.43862185522744,0.16416005245201296,451642,10.321995430104351
fighter,10.439157768334912,5.5750845202376995,100.32837092660482,0.12833112895139406,137805,11.59181425209991
fighter,8.687808116221394,4.767740366940031,633.5230799092274,0.19540570594753653,564575,10.935678878505955
fighter,7.038051065445359,3.2843397165318495,593.1672606103663,0.11141014090626072,361571,10.243558704626869
fighter,13.737626474876329,3.414243184523419,124.76462064501735,0.13714805165515817,206014,11.174986630457004
fighter,11.285641524499884,5.03301432423652,512.2336039903785,0.180720777486664,340837,11.0238117765185
fighter,10.29963266665899,4.0232416973433995,113.70851708472865,0.15242795457266795,295767,11.897845222224982
transport,2.487455183849599,9.058790210129759,62.129168965096675,0.4595542703098155,181424,39.69498497146339
transport,4.4251980811450125,7.944789859550298,62.72982900498614,0.5360353342280406,127466,43.95150804397482
transport,2.7079940893402976,8.05876354152579,62.44113376196808,0.30361306300822066,311154,41.71794161387666
transport,4.112585687562131,6.952320222487594,62.160234108084744,0.3473910700735227,318568,45.218284742262895
fighter,8.574845983619388,4.325620797046653,149.14044114859237,0.10959877329756935,164284,9.838147264705274
fighter,10.248387930579295,3.995427384210064,276.44597322420157,0.14383047587704237,241916,13.738606750676682
fighter,11.364427483248834,6.379924327536829,643.6049513644867,0.1031040858845941,244633,14.01191174328953
fighter,5.306695874415214,7.759608966888016,256.6506669896179,0.11461056957267646,490384,9.782131493856786
transport,3.929257184428633,6.818730975779424,62.96223421714217,0.4585889917731948,299248,39.99224842765526
fighter,8.242246458549923,4.552393755189946,453.8295160232033,0.16214318399296276,404970,10.943663402596648
fighter,11.262134731999174,6.320002019257815,347.02237431448094,0.19779132699375698,191615,11.868123738707885
transport,4.664604716811413,7.121179216262755,62.26323683553691,0.47191336522662214,427600,48.06254164815627
transport,2.918721277727923,8.914644230331225,63.0875381230759,0.5557622319406583,277094,45.00089012864776
transport,5.25858756477904,8.999355313932366,62.14114129727465,0.35374584224697087,221447,49.03148806405274
cruiser,13.11633705781293,7.855095199908809,192.40506588066455,0.529053915140155,13590,355.94297238430266
fighter,9.535637729963165,8.211261117740898,63.644750956644444,0.15728899888385772,418014,13.887042602952132
fighter,9.773318563914625,8.534638772782108,603.052408508963,0.130226330329484,177674,14.209753726947167
fighter,10.826160757076508,4.690457104165622,484.9086760523919,0.16835101274398567,256576,10.037335442883226
cruiser,11.971952967974833,8.05288745869537,88.66976854652583,0.7917566230113547,168197,465.5069107734534
fighter,9.534443757349859,2.665911319346441,659.298468619921,0.12771868631364802,298268,10.294866437718452
fighter,6.866908882763298,3.2365181302994697,580.8773739736764,0.1697275403528561,435771,10.614998455143239
transport,3.5189852406817774,7.055767121967962,62.72633901143164,0.32020100424432874,197149,43.86016243303495
fighter,12.814619638666487,8.600631624231445,359.0968935301044,0.16917662814736387,550212,12.801448172173851
cruiser,15.610821324623934,11.025257202838134,304.86514898152944,0.6890238700684799,302592,362.2468622050837
transport,3.54387852085107,8.003052713519805,62.33362433605342,0.30698430390472475,367075,42.65407347384536
transport,2.505957497361439,7.052067304543915,63.28790813218628,0.5762375840427847,301758,41.17387175997645
cruiser,16.270347037515684,8.062756987424118,236.02695245170034,0.7098152335057043,268611,469.91224464905446
transport,2.502463759515983,7.153997995225532,62.03869309910118,0.5056595081925597,268951,41.995175163851556
transport,1.9397839449029664,8.97101600188639,63.422846868498745,0.3692954767291712,127462,48.38689059267222
fighter,5.23977944266246,3.9002046598318776,11.70499224125984,0.13132412875679153,302576,10.728627938811874
fighter,7.083094466832144,5.62594403599746,633.6556026655181,0.153264164134959,224630,14.093985467817165
cruiser,11.12530355835667,8.126638891708016,167.53442817633177,0.5115885456809572,348841,373.0150828967039
transport,3.6826099130213366,9.089972220064519,62.64157488275761,0.5994476111574705,565996,48.97679976756018
fighter,10.915970951493895,4.745850550938017,533.8056159874916,0.12113505710605874,442479,14.24566645525749
transport,3.6961646234912253,6.906654407613991,62.65530936652814,0.41994140686950016,93311,49.27671614911973
fighter,9.833523184860113,3.606265659344321,141.68938217454345,0.16214325855706885,328675,13.726796728763956
fighter,11.644391180880621,6.682309374752292,278.0983859524932,0.1359751516010376,96320,11.040396489335356
cruiser,13.11029643472339,8.114546683887474,458.87623415085784,0.5580134188788103,449055,473.88066421095294
fighter,9.788346422515016,10.771233064246275,322.64959067168155,0.19627475297273,158661,11.854357532686041
cruiser,12.175355828674236,11.025973754197206,420.3648589533589,0.6357357937862718,39192,320.9458219289966
transport,4.6357583983878,8.881153376778032,64.79365171074235,0.4241796997326277,391827,40.150533722871785
transport,2.671187614998668,7.091414677776439,62.0343784779301,0.3613125013402203,458624,43.6801802619785
fighter,10.105338380538782,3.3198854995834637,289.43177639249797,0.10048144017577977,361904,9.973218213861768
fighter,8.437113130906313,9.0078461264755,467.49798404671463,0.10840771530683992,147172,11.085408203577293
transport,3.4955907220870874,7.965312942572407,63.40967058660315,0.4574279381729386,232033,40.08201825281634
fighter,7.954838290722039,3.942201216696913,165.6160780343992,0.12742856398839758,276205,10.961944488189259
transport,4.6573614947239586,7.01096797692376,62.816524323847716,0.4782464619704808,315311,49.18668166720121
cruiser,14.0885212424114,10.902241397722818,47.24048417856601,0.6489777590008495,243935,481.81705778565725
fighter,8.176644623209633,7.768829150504288,310.59390578160685,0.1272914338151466,441876,12.186597386204761
fighter,9.678404301249188,2.4957075009648015,121.54885065777786,0.1840277252021071,29289,12.660895087405743
fighter,8.154388954622608,2.758220730815531,695.8714228077977,0.12451345599472152,252229,13.758083835301104
transport,4.087350885719779,8.989295855406157,63.43127307621937,0.5806534334501022,78037,46.0382551332978
fighter,11.12305648473872,6.091792614540344,483.59555582118486,0.10751669155361251,380324,10.877188613986945
fighter,9.330001127897148,5.948824425061428,203.1773089061055,0.1335481642993617,502644,12.38140266233247
fighter,7.2501756349517406,6.719973899703745,692.9962040341658,0.11647937413387473,493575,12.030684300530368
transport,2.7870241647783907,8.033100251588795,63.92289911643419,0.39927969371939864,308455,42.034545905113326
fighter,10.242340688809113,2.952961742494196,375.6669734291992,0.16828572297016142,178627,13.913177570262675
transport,4.906941176115607,7.123140140875015,63.141781987168606,0.34279912477497254,414446,42.79263992414321
fighter,8.688228970623236,3.0918969474549636,86.01348852185141,0.18132685900693496,375224,10.826378856235154
transport,4.344364673713914,7.903558543566963,62.20766733382776,0.4537952147675962,472743,44.70889638499529
transport,4.057754796812541,7.96282403239375,62.476566358765744,0.40033413468599277,29416,41.95510025766986
transport,3.6621672687626097,7.012961446821307,62.75936001801888,0.37641044350857694,235093,48.72055033101309
cruiser,13.558743553701516,8.097601997550164,271.26126238161544,0.6549164330538286,91592,488.2534231909193
fighter,14.611032458661848,9.185191329361508,335.51472733125695,0.14302436112322256,494978,9.957833765236277
fighter,6.3371386395864375,3.848075987388616,520.9221970862028,0.18895567208438138,219089,9.724845606264987
fighter,11.24219658785475,4.058922206679343,519.9302919675184,0.19931569169799068,62134,10.34577138036405
fighter,9.470992990990375,7.585325648386753,486.87201297543083,0.10378668458668538,163273,13.209584599734404
transport,3.7268880508197624,6.980128544270308,62.309105608789494,0.5558878640355457,116093,39.89507781032793
fighter,7.418696528166766,6.467393575699989,633.4866493271976,0.15917831448788033,340656,13.898276004253194
transport,3.3955038628041336,6.855106487614747,62.830591841766065,0.5157164043481028,223749,42.57656502730138
fighter,6.7285917598980545,4.140314351096327,524.2526262030374,0.18895454980974463,68870,13.318859182810035
fighter,8.187245842960483,8.652098415032093,117.54048407118151,0.18994404434209897,148886,12.651623434754466
fighter,8.705564571863484,4.423551650863425,550.7920270342084,0.1909296442443024,315332,13.600869422974556
fighter,7.799955691883798,3.4088070381309086,235.70680620064144,0.11750698157764718,420949,14.145647118220019
cruiser,17.089350286535062,9.172174915081733,195.6495380680332,0.6952025758449174,480414,480.98861589554144
fighter,8.373797754835586,7.074044046834497,338.45463661947764,0.11249673817246991,104463,11.64452836739446
fighter,9.226142470510815,4.7496570792654405,109.8620880025247,0.14980772223824218,386436,12.076540586723917
transport,2.048392517506689,8.970348068562872,63.17604520506453,0.5478643338534745,325868,39.83316604988656
fighter,12.779919528691167,5.961102691691548,690.6178167677691,0.1587548348859768,194625,13.77824678153868
fighter,8.69976739626631,4.487942019664981,60.53367492697136,0.13474330228457418,411536,11.221583101584166
fighter,9.921140286033536,6.07938396822792,528.2463679037822,0.1010359306259536,175901,12.41130829367176
transport,4.157947256064421,9.137794796974728,62.24812938418136,0.3610126164063725,520989,44.30275789131549
fighter,5.1901266979796405,4.841028609558805,679.4441402913492,0.19395216232510865,465775,10.586738113399221
transport,2.464742681326148,7.833470953737413,62.728133631933254,0.5656072817361695,500476,42.91880163315273
fighter,11.057489054081936,7.382995642875626,160.07679421148725,0.1147007984883503,431008,12.359663028786281
transport,3.4728493553857707,7.069961773651004,62.861565119510274,0.4620087155891439,327068,49.028624573079725
transport,3.994496748848681,7.017256898615228,62.823320632861936,0.39274550189587853,406373,49.05850860462795
cruiser,15.024700297182257,8.08118269284605,372.6220065912446,0.43933206192314905,210162,430.21444486966357
transport,3.9775219366369767,7.988489836304628,62.052588819220475,0.364358888447145,176075,45.06794077519951
transport,3.2629314400413127,8.996001934579832,62.63824464744746,0.477249066682556,210822,44.93578348379848
transport,3.690937870427923,8.992922412688111,62.913328859843396,0.3636219140693623,200342,47.179970251259505
fighter,5.493729658309499,5.443912277283602,577.1383670283632,0.16731499282923146,408246,10.977396500571729
fighter,7.948476083852309,2.9388475358401065,680.8818201000063,0.1578839150764279,198664,10.666801492473871
transport,2.977174672950542,7.80133112027669,63.65902273880008,0.5266290331548323,160404,41.05896390368997
fighter,10.837600660332235,5.481510293320515,535.7788261988462,0.1997889676057723,371780,14.059476877461387
transport,3.0555515525848644,9.007686626799149,62.67719660192705,0.3683398780743759,72386,49.10656968344799
fighter,9.375075249068164,5.602742860317186,624.2140916270879,0.15360532935265264,319412,11.901961050271582
cruiser,10.856095075046257,8.808770305147823,91.11358448998783,0.6511557761327789,27759,474.4400405466506
transport,3.4744309589304705,7.997803821828414,62.85716139447219,0.4051839198365137,534328,44.4920688524977
fighter,10.709905233741788,6.716334654258134,594.053567315261,0.1632711976345521,295919,14.097893028947615
cruiser,14.19478809738229,8.866286225704835,184.85101829010776,0.7115960424115985,519236,393.1209883135974
transport,5.14868046372009,8.152126809276124,62.57155997949953,0.4714596910693574,253775,46.749748457984424
fighter,10.37737012076181,4.494901045256926,337.8725066296064,0.19102896120150922,394776,11.063471011969405
cruiser,16.216354975845015,8.89763898035716,329.5895491818975,0.50644331750901,521218,337.78444233337876
transport,2.5418841519786266,7.9859478233028245,62.60525616703673,0.4305025695814313,162505,48.14232613157275
transport,3.7791850449479347,7.115778293697029,63.74976845717,0.44631844291194134,429347,45.082382039686934
transport,2.7303842642123617,8.988944070897771,62.2471720334551,0.45904532792274555,496999,49.11959275327919
fighter,9.541747789888975,3.9179083747064527,188.61209793659268,0.16840257675820158,481171,9.846339857978293
fighter,7.640929858116318,6.380889737902854,106.67715539074284,0.1296638875535574,247493,13.667489947431203
transport,2.4237377536598506,7.958011746725047,62.048092347791595,0.58748191377779,411569,41.16635839195934
transport,4.82011418802546,6.964737641652694,62.42055008361122,0.46539007149340555,330368,44.025308143200306
transport,6.818899211114548,7.067337508434626,62.189377771560395,0.3035516658114953,353289,46.41378843761345
fighter,7.612635333244008,2.6955223757383244,171.07420367846987,0.1130541082441055,494609,10.153768520565457
fighter,9.987734429047276,5.9619175315201485,649.2328761943296,0.19255526455256214,465199,11.152314960358453
fighter,9.597057114075609,6.805941904704363,482.9530346250558,0.11922142052894699,28689,11.827723325059655
fighter,8.904360968062237,2.62245724083001,466.71634805807173,0.12166940646621055,258849,10.230658841962931
transport,2.648935425103345,6.923440438737064,62.747552794268934,0.482877706998182,417977,42.960593601898275
cruiser,15.697167893320447,8.950952262830617,108.16873512067512,0.6816586826062323,359226,449.9167635934068
transport,3.2317443284279688,8.859835887920235,62.108538396890104,0.5703644860464671,120127,39.65721717228407
fighter,9.363853107772792,5.075861507603031,528.406788028819,0.10348331914668932,407378,10.860486454275518
transport,2.5596333534729525,7.932011430656475,62.41013065388097,0.41052726043711435,186707,41.03422878171588
fighter,8.639079781639804,4.372644105685204,474.1997269939002,0.18769051249636842,391926,14.215717877479669
transport,3.7158326841007967,9.064072993472491,62.860515887206844,0.4590912046254739,21718,44.003167094943464
cruiser,11.1127245685949,9.22520620208691,347.06181519855784,0.5797854202414815,164271,435.025835166298
fighter,5.642595809116498,4.477809312178666,233.98501260741892,0.1737545742736653,326826,11.46304669728838
fighter,7.2874479233525955,4.074617589188209,652.2421169407041,0.10571571836257998,450450,12.286840590854588
transport,2.8765933919373454,9.075132363832305,62.35816930392698,0.4973731791535212,468582,42.47712893511504
transport,5.467275932045133,6.910295003623822,62.64048770782784,0.5671318642200844,500953,42.8690543519398
transport,3.823943637058374,7.955659801998705,62.69646003893519,0.508380421465827,159796,42.300881559497356
fighter,7.250049525701147,6.008889347741608,342.88531506178424,0.19876893969532802,505585,12.782103886039286
fighter,11.850349803719734,3.455086628597642,432.1973151625279,0.1322072099197631,396376,12.9377618035928
transport,2.9885263163571087,7.949032446368357,62.5181529067356,0.37535545644775437,549152,43.19639475815686
transport,5.135380376767584,9.064367887129064,62.03752026200721,0.5158856897560238,322528,46.24067304295447
transport,3.913448235806764,7.947405408641504,62.455014907805015,0.37262149612338696,452863,48.57183394296983
transport,4.3983649285643605,8.974313157626893,62.404677388657305,0.5029756922524034,550254,46.91007392510658
fighter,11.302968833888348,9.40388189442023,539.1555790452159,0.13426035651953705,303283,10.06449323355926
fighter,14.146592572353203,3.6682199575064227,557.524339394076,0.10627733152796442,452501,12.859688841940375
fighter,7.265150551726663,3.668071509198705,361.0337356199734,0.16424288759992015,508469,12.900596448970182
fighter,15.203309275193893,4.804718220042881,249.29771456733272,0.1958629723528167,445782,9.5595262625125
transport,3.4360437460416917,9.041326359147122,62.77845258256538,0.4487258195216418,446183,46.81947236180011
fighter,10.929634718416143,2.836821263690754,71.66795659513613,0.191976815233928,289942,11.041981074704468
cruiser,9.658506963209776,10.080771253361677,93.38631486678761,0.7441891647051595,418171,469.0164216608771
transport,2.5480250691432555,8.153200732875872,63.155369402442986,0.4299498442493833,44794,41.13417254854802
fighter,9.501309407384088,5.706948738087235,256.82473819954333,0.1828629156246914,80373,10.792665662328076
fighter,11.547268940801608,2.4450338333875137,512.4165332325098,0.1197507699503456,548407,13.25168647625765
cruiser,9.167092427111818,10.938478693970431,188.09725675307308,0.6554387804488784,475208,421.99149698954244
transport,6.23631268614124,9.006174361076177,62.94416681099695,0.4061888009182075,172592,49.23070540548095
fighter,12.377309789893108,5.473881764670883,27.25087328660046,0.17381941155272995,476679,10.1304640360675
fighter,7.189076179464707,7.276186375112721,173.45141775511976,0.19688485360004127,166679,10.379244649693156
fighter,6.719631340067713,5.093847854968361,247.55525146946064,0.17436474807222668,451619,11.95255870651015
transport,3.6510646561794595,8.021067208643682,62.21891937481007,0.5168846318033973,309720,42.68874865853244
fighter,9.064595789129426,5.287385113003641,417.58941913387713,0.19150015162190787,33424,10.812132629012053
cruiser,11.943762771008949,11.030913825183184,317.6519012917391,0.5021297834250261,373053,353.19256405088265
transport,4.19638809928617,7.939948213865877,63.285382745634806,0.3056830795536991,533595,40.68119594441892
cruiser,12.223421667996707,10.975806318643485,307.0482394419202,0.5006252575090855,109776,353.89120360155107
transport,3.9895923667678446,8.929113015609646,63.119564350851746,0.48075483990150725,159924,45.96197309848401
transport,2.8234534203492774,6.915771350040316,62.64798118356036,0.4676565490924131,471985,43.11908985440314
fighter,10.666371705023844,5.457976329234922,379.2725532808198,0.1616014991038835,28104,9.878538581266845
cruiser,15.619440353028116,8.0089349408947,319.08741124728897,0.4757573908088406,223467,490.0875505859958
cruiser,12.329337262884744,7.905595767005938,167.49008080565133,0.6699874958488483,161034,494.74216293017963
fighter,5.392608599093585,4.4493786989286574,512.8833733615189,0.18546065213312887,442069,11.244275317769034
fighter,9.105622889625748,3.5082541953382993,468.8491314898601,0.1922029764624032,66763,9.930165008521682
transport,5.664623019368174,7.057745426149892,62.92907391284059,0.44052492221983275,125300,41.70526224944378
transport,3.7384523997922874,6.818977363566315,62.6483222057296,0.4637557530992711,111111,43.05346407987744
transport,1.696823148316429,8.13304755427079,63.91379642612899,0.43769833985919504,21566,40.03038272711095
transport,5.677930805773743,9.085216083542646,63.25955500140069,0.3186210804968792,369855,43.61429402480386
transport,3.0064463020660908,8.921228778760701,62.31530330021497,0.44245386170339995,319824,42.04828539895713
transport,3.6568535473317034,7.899200659279902,62.118022629291815,0.3066363549423338,437864,41.96733416773859
transport,4.0854117063730016,9.025470078407636,62.74907857025435,0.5378804699121493,358440,49.337675584824645
fighter,10.14007507665198,6.231396255571992,487.64597924518375,0.17326730581546096,469427,12.964132442807328
cruiser,14.741165367264008,10.000167415896364,194.2583303509781,0.4074326979614576,438360,422.0085132255577
fighter,8.674583695397626,6.858649176302789,341.7935281566956,0.17463559102649445,151135,14.27481198012161
transport,2.9055660001264925,7.013362584362041,62.50343151621019,0.3247909217839097,61153,40.18857692523896
fighter,6.667557383494078,3.413419560061261,634.8851649186162,0.15000507653637352,310234,12.150980658631106
fighter,8.65739283877715,5.962721600079527,677.2256908776737,0.1172790155522833,43556,11.290044006282185
fighter,8.640316053141412,2.9608098415203696,214.06421356668568,0.1595518756847584,11061,11.03969702512167
transport,3.1834508715816976,9.145452671216475,62.123193469494296,0.44950860704525,546155,46.78938436513244
transport,2.7207091585768746,7.811585872868937,62.830642141213424,0.48270099365768104,179222,39.92821563045
fighter,10.416352516847306,2.8304867937163913,274.10776394626475,0.1080512635428913,421861,13.438680739259558
fighter,10.194576940483323,2.943725914608892,607.998932236523,0.13019762867793522,337231,11.867373812048033
fighter,7.129438143338853,3.740199922578054,334.95033598702065,0.14951537023546504,294344,9.711087419521968
cruiser,13.817153393529786,10.000808280807643,68.43819886582,0.6699052724267144,350573,353.2552628014524
cruiser,10.571279413892162,10.995848410245232,50.062758321276064,0.5374475632064628,64160,417.0911617463929
transport,3.4688000874095617,9.171384905992081,63.38493374927442,0.37582949985058667,341624,45.923416839612464
transport,4.591233191916508,7.991951140547563,62.80309460003761,0.4666135872034437,452818,43.93781926854881
cruiser,14.048489267111558,9.944792428690585,84.06317080215408,0.49525041867196573,447474,417.9869846770131
cruiser,15.53393446963383,8.996509518422458,152.2682999931217,0.45332088427385836,461570,468.06630554298096
transport,2.4186465217778434,9.00620344409014,63.10295715772182,0.4579270356454749,486374,39.74348943719283
transport,3.7932482681067077,7.840288071663561,62.98858478607533,0.5267754168433245,343623,45.852189034330365
transport,3.482287223184711,7.98295137195096,62.30768033454677,0.3586467274068934,301165,49.16170831814105
transport,2.1255892288520966,7.176545635570366,63.02739821948563,0.5212349770721652,293185,46.97839076164263
fighter,8.346771135238708,5.41017825180219,574.305845338551,0.10762267958036341,123142,13.878821104531513
transport,3.105077829351912,6.929301263384049,63.745278881966335,0.5672271714039779,387791,43.17987737529648
cruiser,8.163381555416883,10.282248468871595,502.380832919398,0.6653653356939735,36315,454.76565616764924
transport,2.6874766706464492,7.910558634666254,62.4423903961836,0.33074236677392926,298342,48.945727626496065
fighter,11.519348620960704,3.392675187837662,187.50161512074948,0.1716684118746441,275933,12.977131343129702
transport,3.329637421337974,6.91761109134474,62.91640186303795,0.4221069492725615,22288,42.044631363418944
transport,4.3336475500845415,8.178244475198353,62.200890405969055,0.4234201926438481,409464,43.56071436249875
cruiser,7.9926380247387,8.168355943085047,342.3414124164406,0.6943128549253912,161211,451.73537555245514
fighter,9.151988985589082,5.1555895770190165,142.85874953992843,0.19317970181822638,452670,13.759435901128334
transport,4.670840277807941,7.094556183641261,62.572633947365446,0.4927560526384904,560499,40.010763209109996
transport,3.5836795947686233,9.01200500462209,63.27780757554117,0.5289386064553432,43694,42.78468652746783
fighter,9.152008765262767,7.1547188271514175,442.91752505083224,0.13668228063392884,129113,10.567760794339803
transport,4.224252878951271,8.153371215833829,63.01447753426039,0.46160113063226055,158067,41.009952508028405
fighter,9.249788182627196,5.329094441086447,148.52097313620942,0.14790186277068,61424,14.365577336771373
fighter,11.331687939795618,4.529077086841733,335.701884024854,0.19734145167106198,119121,9.800527871530548
fighter,12.90625439858472,5.057441607821198,63.11356847164532,0.128167225448749,222988,9.844814724998624
transport,2.70431333424363,9.003203383687854,62.14387049931184,0.5071324675653357,39314,49.06446245239633
cruiser,13.75654255619397,9.954968914098062,369.46811209320157,0.7103496195700916,417523,496.008108621979
fighter,11.025045666835895,3.621078660664325,270.51405741570255,0.12071433193720993,374021,9.97302511178659
transport,2.859484718628641,6.9119430434892175,63.2340068464343,0.46627177718902146,471007,39.8273481268211
fighter,7.049419747085379,4.724095771665424,563.6059238742461,0.10842397932422598,499650,11.459112260977845
fighter,7.954409796376763,5.215049293650031,10.865758789567783,0.10837557685315982,70160,10.06590565070823
fighter,8.41495675570374,2.574091937730218,236.8775424728832,0.14431348016423845,356870,12.106566948008663
fighter,7.3164408150928315,3.9795419689443494,600.0373249880486,0.13615265058490433,162379,14.195263194981514
transport,3.436324932460424,7.890552466929194,62.31932058826424,0.5943710519436708,71571,43.640656012405074
cruiser,13.248377299506682,8.99302955279721,188.36556725523462,0.6151878043275864,435256,464.9332414008801
transport,2.699449118806651,6.944758505337797,62.33646044745906,0.4217654490560885,374011,44.36400123388514
fighter,12.621906263627224,5.3769334973667995,512.5364410219955,0.12534302282353682,161524,13.95689520437348
transport,3.8650636094788826,7.001835847862511,62.426164575430256,0.39349323356512145,546808,49.02067270579115
cruiser,9.873160184200291,11.024195052669365,120.89305812053972,0.5069393727026391,131621,314.76479243179324
fighter,8.040250974742134,4.442741799963185,358.37965390435824,0.10226737737773628,489210,10.03742486799286
transport,2.0308581164912183,8.930198706666836,62.19699168748619,0.34935515073442897,96971,40.03780567044144
transport,4.076073887500869,7.6913092505459995,63.142198501589206,0.4773615318787807,347850,43.77997021081409
transport,1.876223933347692,8.942433159637039,63.53557533772848,0.5131304821574528,343554,46.4624764474651
fighter,11.325871233121152,4.220757075699277,492.42753001214237,0.16994096668079473,209423,11.852076158638996
fighter,8.539335075082061,2.644356049975533,343.1928689900326,0.11079264894932339,326043,9.793593460379242
fighter,6.770094848932203,3.211920363186183,563.8958140986964,0.10851521994962282,314063,11.243827184936794
fighter,7.5274969456304035,4.348099271278001,199.3731374660989,0.10419554320331004,94638,10.268002118993708
fighter,9.233229969409594,2.242900955980103,145.2724329791986,0.10753595404174,469129,11.787007588160423
transport,4.728607410378785,9.028581165583004,62.72174898382225,0.33007456744827446,416252,42.25532827872032
transport,4.568588904626001,7.88385727839671,62.737083676485774,0.3295984912053198,127251,45.09516055836063
transport,3.636450772405012,7.090288965622986,62.382840645672985,0.39616145463154695,192476,48.911938877174094
transport,2.6700968189225427,7.0206925075213595,62.2065971014384,0.38774653118920355,303472,47.03856789965082
fighter,10.1936694165269,5.659225082442341,160.79561036551988,0.10274211103408355,7520,10.61104703234853
fighter,14.375999703832125,9.621417422162448,682.5752936219804,0.16392135000463726,260937,13.091185465843603
transport,5.074405941242431,7.0577583995960715,62.451015667932,0.47322854181710605,21959,39.791991576367124
fighter,9.466281653018456,4.473281079386417,403.05643974144806,0.13786742371753918,366977,11.731057074785422
fighter,11.663381692535225,5.037347058646761,313.5264789804482,0.16902434155186588,311649,9.580747716333555
transport,5.351342385267784,8.03327276424218,64.14299489242161,0.46666715027106775,520811,41.08737581978963
transport,2.611794347670217,6.956214732959179,62.38224963274873,0.33088670553554816,444652,42.169001160181296
fighter,6.261606515504228,10.050111049376248,444.68571937545215,0.18191389851447146,520749,11.254528422713145
fighter,10.972864314168252,2.8647024607768223,487.60938290475167,0.13135788391643213,565054,11.091322432057284
transport,4.195355384879889,9.065223793234878,62.65458458032348,0.3339317879054567,78720,41.66268338332368
cruiser,13.574964521962444,8.84602504519567,158.10465892490026,0.7397409495787785,349255,477.0174076659158
cruiser,14.388753483561914,8.018898164017566,107.78921419696469,0.6079732770096326,485959,429.8567800197805
fighter,8.574032373595564,2.4530726794600297,586.6793770571459,0.17125172832390606,355286,10.501616567288679
transport,2.4699114871364145,7.069466269248858,62.107919858444056,0.3942695577610213,9959,43.14979689175061
cruiser,13.929832958411643,9.045333193011377,156.98024871763846,0.5833020379033081,75640,339.8731629964414
transport,5.0083920325781826,6.886178923181154,62.06781602740397,0.4219366511349903,383941,39.932591609974196
transport,5.449075721100261,7.807742661610119,62.485414523224364,0.34480062515950616,478174,41.94463482758859
cruiser,10.869993718442952,10.180985338691508,276.8454468454803,0.4090781907773186,364309,310.7244334274604
transport,4.313997528959495,7.014896238461612,62.99550661018548,0.3254855318833581,141942,40.86733773135202
transport,3.162752740498294,7.119846102191548,62.1301853042265,0.43309495010213694,146192,44.01060496802031
cruiser,8.492215654118754,10.009529318687125,454.608897554462,0.5366859009024687,550946,376.0824536697099
transport,4.361388079363187,6.956236724468509,62.32089122328248,0.4512212509406224,490916,41.10106332891812
fighter,12.33460134231164,2.2244385815033785,547.6127836695246,0.16986792806770296,389376,13.681682732789513
transport,4.052293779583189,6.907263621475177,62.67385453541601,0.4729992854496765,470755,41.9355717412443
fighter,6.41433671360551,3.547848681617189,59.391774445350585,0.15756617142864532,465607,14.333704558052796
transport,3.443887645110947,8.024736000468199,63.16411244275573,0.5750592244602879,454302,41.981452049578344
cruiser,15.080703043288532,8.023251754919487,294.24662055416354,0.783335423230216,450003,394.94823492248565
fighter,7.025611432666771,2.4083346825812213,159.33796006233567,0.1443861471705294,370356,14.238366280631135
transport,4.908431447260472,7.952739174074449,62.114055450731314,0.42925272628484035,383040,46.10231725779468
fighter,6.9548421312395075,7.281691918873756,630.700339735131,0.1742119774849375,189176,9.654323964943814
cruiser,11.80824542313449,9.088787064840647,469.0589650703304,0.5557900991465655,311379,384.9860963728013
fighter,8.022418205668671,7.821463895495788,514.6609182242892,0.1445629649107239,347947,13.14541904944664
fighter,10.459303977318987,4.850688800843603,157.41209667314448,0.12888627634993105,137,10.01044525305053
fighter,8.926105196652863,6.431322299283799,95.70279325950754,0.1228400639921404,70809,11.015050402175115
cruiser,11.510584410199032,11.093297448293262,112.64675796241205,0.7353394562605476,108837,343.91218858897554
transport,3.2243422452326116,8.87784473445022,63.57892112809064,0.5519255770486504,85757,47.10730091779461
fighter,9.341864157011754,3.2399170908432358,253.755607216783,0.17932398084271492,537918,10.884789915863246
transport,3.379513284528049,9.08600187716619,62.058810098020004,0.4175140045173732,238017,44.30668873591841
fighter,8.638164179074666,4.120823329604611,481.92715720085863,0.13368380982580622,14536,12.970303619096232
fighter,7.776291512200114,2.290004947743073,524.1309778214886,0.10078066018054392,418403,10.150960436324008
cruiser,12.556447145249695,8.02408524785208,321.40764782138564,0.5109056399208343,170965,394.250307629591
fighter,9.771982287438457,5.831098295395307,202.02937826968773,0.10366363796549304,21082,13.069038599866333
cruiser,11.290320736914198,8.86902403295682,350.9764927566479,0.4458303487630255,145665,455.9107268801931
transport,2.076520728625042,7.068599110694477,63.069134094117764,0.3224289823900546,49400,46.25801253113607
fighter,7.9111389780425085,6.347713113590708,321.61371696534485,0.11983340874670556,57519,13.039162284087809
transport,4.772613218394408,7.99045338884734,63.262338805251474,0.486378816963974,419010,45.761760454957134
cruiser,13.019787992686144,10.113452916984942,287.1381034123449,0.6754273673510323,116908,445.1684892191852
cruiser,10.842568195071765,8.92192014705733,419.08361557939884,0.6789537785020756,221410,493.92108276722973
cruiser,10.889232701501195,9.966799235011518,11.423115708851467,0.4840420350513772,517487,450.2086535533919
cruiser,14.081522360434493,10.021435825673539,147.37562483693532,0.43499362815282605,47489,361.13639998717485
cruiser,13.694015969614775,8.847172719070134,20.768158913684637,0.5186443002283448,442938,335.87517471373354
cruiser,12.53965831366598,11.034684248253802,320.22050995263214,0.7353673705474829,494508,492.89284695430797
fighter,7.479578799614153,5.614767548505787,575.976916054031,0.13668451328721243,115533,12.814539375966213
fighter,8.947722269351997,5.264960417233583,347.50792389307645,0.1045704236203685,500568,10.356590991365394
cruiser,10.441793756782998,7.972265814070972,349.2085319970485,0.5940957984336175,522694,496.8820900434413
transport,3.4067807013672873,9.138769601667311,62.65649706201371,0.39914081902865023,551801,39.83109023089133
fighter,6.875327517731632,6.786389380137623,675.7999545808324,0.16066842066927617,505151,14.588927270820781
transport,5.11837514736548,9.093414438531065,62.19276913301971,0.40051633308563034,129492,47.13058458967443
transport,5.477043005496814,7.0271937368707835,62.77351298136181,0.591776497815824,256448,43.972986073143566
transport,3.015149106698455,7.952020167342361,62.24963408016542,0.5116642569384906,395791,43.1071799828177
transport,4.099418776836234,6.973302656907543,62.05618506920645,0.5746545889288934,403671,43.91789557923609
transport,2.208372063602419,8.942322669284644,62.98018583456904,0.3701916649503995,74492,48.66694652290716
transport,4.345311108981566,8.898876304287018,62.75378784982708,0.5503504720975738,528321,46.96903087905288
fighter,5.124330207953986,6.566715266481872,638.2832316990504,0.17706908858813172,193316,12.29003167840326
transport,4.193517875632498,6.948649412294043,63.11172299570314,0.4442834286718511,297795,46.81589951558628
fighter,6.377893103207599,5.470405099614421,254.22336066814484,0.11283859901126383,449670,12.22903985790997
transport,5.494248580329659,8.894980071398072,62.13930740078007,0.34192504864547046,426331,46.20819114662831
fighter,15.480117736199801,3.969380258556644,42.63788021452356,0.19512926828724514,351467,13.150729140520381
fighter,10.623368079679462,3.3930045937694535,125.8101841824026,0.15734294524593462,297743,10.06929413724544
cruiser,9.140405114853905,9.971568473414921,11.406077621908326,0.5664103772433731,224418,348.06049241745137
fighter,6.190662281927575,3.447446093863867,209.75076396681987,0.1681415564835991,564783,9.75311525380685
fighter,6.397696088063732,3.5751311259972014,523.7071097464923,0.1837129691459699,501971,13.270204141368536
fighter,7.809437977784395,4.347825997190494,643.0939929417682,0.18086127034952945,367741,10.10852859829017
fighter,13.968178206495397,5.0831152231109975,162.4486865990955,0.1606257950619247,29980,10.13972892975725
fighter,9.787804576127465,3.7325135442147186,88.83114870582901,0.13109045950519602,343458,12.875527230475962
fighter,10.693269768487204,7.08042373566164,589.3123929419837,0.10538476026426749,23491,12.295529437587225
fighter,12.305867222431157,3.6142156034329043,222.12137317306025,0.12132002610965105,335102,9.64450312295293
cruiser,9.637140904649382,10.088702370881895,59.07510364806871,0.5412587121253702,551240,362.91478015782934
transport,3.735042833890268,8.120521259889019,62.048234540181916,0.5068392555886126,193578,43.992693110345236
transport,4.511314374172823,7.038907781743029,62.14057292305226,0.5136155123074285,14745,43.22438992979421
cruiser,15.729503869262885,8.918126643826445,137.03581179856076,0.48918024104473923,229595,452.9620128202916
fighter,11.13781433181755,3.0923433991001144,81.17026291763285,0.11810629336069911,330284,11.906977616483614
transport,5.306101057422118,8.113590276172628,63.247003465702264,0.31123945342540554,392285,41.9148635439332
transport,3.9427574620805035,6.978658840131275,63.13073804285656,0.5846817085215235,360708,48.09199481140846
fighter,7.882242275086296,5.083883728573319,551.7835146305761,0.1183205784552784,421333,10.177809877288883
transport,5.232014758039992,6.925315558206334,62.38912775964227,0.36319826334778266,286065,45.854063193297314
transport,3.800819008175351,8.899495763776244,62.400663060729784,0.4262367820436498,431909,48.00292605903455
fighter,6.316372115979774,2.7208834304752108,484.0890794797827,0.13119095246967075,537502,10.257587889778959
fighter,13.686231550948781,6.2224391911243115,416.9543163175528,0.15558902638441602,385533,11.149667359823884
transport,3.8669186249735814,8.095820656575293,63.61611479501997,0.5982524340731368,126809,45.048146764952214
transport,2.862598182442061,7.890387915390403,64.25731647916284,0.5121592919389801,153821,48.824938782818215
cruiser,11.717323997301563,10.085001750954444,209.33112340069025,0.7810245403780094,303662,448.6813882954497
transport,4.192060569261659,9.01610516803638,63.1593222823323,0.4634695722912056,447505,48.95770733691372
fighter,5.840469734874152,4.407711268668477,277.6056151011558,0.1634673864747679,367053,13.867686748454508
transport,1.980728624150912,7.078505811258741,62.871473840345416,0.5064992766789906,220301,47.42912017863177
fighter,9.014077318492275,4.363021451838854,590.0872797018707,0.13958011925818042,437294,9.877788926662443
fighter,9.912001340916133,2.2158021149266247,613.269094709342,0.11721830128642136,155027,10.224060677435565
transport,3.1176538357881958,6.910004510044637,62.94743737089181,0.3523614524463857,499989,40.84667780676387
cruiser,13.955244552483917,11.196575466898276,234.83764115692682,0.560150954287472,338519,331.85007631124097
transport,1.8382532856348324,8.98619978659034,63.12717729161791,0.4502001434134393,362695,41.095693238121875
fighter,9.907517933119863,6.585106027887111,583.5455063686242,0.14955611909270602,88419,11.834469233676293
cruiser,13.151980437312874,9.003650691823225,102.33756981223985,0.7623351782590477,54314,475.7936387853771
transport,2.2181654117426803,8.82480899349692,62.99849121385579,0.5493126352344588,469571,46.5671272741055
cruiser,14.33756043417972,10.059997952860533,373.4608983166582,0.7676314118985894,429127,351.1861391541445
fighter,6.615751682612606,8.83906652389438,21.04970939746271,0.1876859521166724,28633,12.95752801270888
fighter,6.620878187386846,3.371685023332519,357.3746907985691,0.10002950067371683,290523,14.52697402411782
cruiser,13.003651866281475,8.995650766691863,61.07071408902064,0.4222378704847589,563837,487.7857399626709
transport,4.668001513984658,6.986217826745734,62.47952153991485,0.4216414942496518,1641,47.91075537167126
fighter,8.91231773643878,5.862659792299516,675.1492086394293,0.15234507983976708,46274,13.545412530932206
transport,4.833330023737912,9.175903500070556,62.22002496974059,0.5616997604548426,326441,48.12847604336743
transport,4.868783418810311,7.01359005076747,63.632786564223814,0.3009273641144124,246064,43.11984154430329
fighter,11.811601441840393,7.101449568931598,431.62399637671786,0.1612656841022481,449509,12.481174983767762
fighter,7.206047493870706,3.6840074544193113,194.82456827466083,0.14185052477140536,525983,11.927405476407351
transport,5.878539959528025,7.08555590935379,63.64833688432143,0.33455925058293595,321388,39.95243769406829
fighter,9.168028384053423,6.600604892826296,620.6524877870213,0.137333065933112,312236,11.949362941328964
transport,4.607195225798721,8.933470610201745,63.37720018731361,0.5813920941634427,539927,40.07099263577915
transport,2.4018505942565307,6.977470999578445,62.08359825785359,0.3049293170324776,401582,48.806814542124854
fighter,9.87684061331173,6.3626992149702115,330.54781988595255,0.19916410640741794,4890,14.381657488286859
fighter,13.92532755498877,2.0049109158468634,334.44532785848077,0.19865386327607026,279023,10.904356289932645
transport,3.9843852686802466,8.006297706435644,62.91560700203643,0.45106510842682396,371503,45.29478154008271
transport,2.494863303926975,6.902251844138418,62.46332666607239,0.576738541135059,432412,39.864733454570796
fighter,8.199948356395549,2.2576367846215577,468.433824524412,0.17539472817401275,32408,10.853956910787131
transport,4.9471287332493254,9.034242759356319,62.01287525806619,0.5655063088069079,316289,48.094158018203224
cruiser,8.286084149770959,10.19381648690092,52.09119865875617,0.48642706886521636,542035,318.02626269326
transport,2.0634460526845926,8.160733253739243,62.114083988584866,0.48405961237958717,515472,48.07927611680033
fighter,8.749151321430933,2.2793645465432464,470.4442444392156,0.11060387346424708,565625,13.447270656963003
transport,5.165893248687246,7.810362080851495,62.06265430646059,0.322686435783658,108333,41.93390669797553
fighter,8.09950560446604,3.0825546782428725,485.4507151051884,0.15835860929565637,515381,14.266578756961572
fighter,11.189962480894966,7.197936050435263,366.075849647143,0.1388389166906827,349667,13.26815592952859
fighter,6.372327655732674,7.253457739838164,262.925637617285,0.17527246129148988,465285,11.53866521820288
transport,3.0814036979246193,6.982985205777311,62.91933315996548,0.47419423733724264,65742,40.01558505727019
transport,4.159291299039185,7.1083742108629995,62.49621857242529,0.5310110157932084,406467,41.999828810810676
fighter,10.211642429676434,3.4075349851140055,468.04340722166546,0.14182564324536007,117660,12.640266135442829
transport,4.435993356175771,7.97085081412872,62.918918816258056,0.4213348054090136,341658,40.83058992127479
transport,4.292365104012246,9.13741075759014,62.83037848349439,0.33292935291487713,534228,46.897744976722336
cruiser,14.046821678529941,8.954525154452057,110.57150592907442,0.5520611014312978,529039,483.1276471143532
fighter,8.084448513972603,2.7705583026723675,273.5255117695012,0.17397191277780036,388702,12.768474032291945
transport,3.0519760494104258,6.844581547804406,62.22519617377429,0.5709776920805653,278797,41.97311277569165
transport,4.337624598560048,8.882015498830631,62.97372175158088,0.5811726904001726,419444,43.58312817599365
cruiser,12.630576616421541,10.960532761715339,224.07227213934678,0.44224029205960047,189221,401.69747190837177
fighter,10.616428420284745,2.694001890465171,136.45742800140508,0.11081091073406354,439279,14.08359577710678
transport,4.780486228113356,8.033064379649744,62.09159962296991,0.5852483260981797,312937,46.139992626910214
fighter,11.949686253234582,5.316271908654896,616.4972240775628,0.15383397652492417,305306,10.099871293454624
transport,4.689556918036381,7.969292021704268,63.0096281708468,0.47869275362041597,436567,42.968191308005636
cruiser,14.100142113808905,10.085533747287743,328.3503933233213,0.49969518992739115,492389,316.3874983481309
transport,2.2566184642961797,8.012211609560122,62.945235835558634,0.4260685290300138,133531,43.9475954761635
fighter,10.584339312371283,3.618283447191317,271.2118120996523,0.18526548609177054,531919,12.894890255194515
transport,4.548351767455031,7.110511885996053,63.48643167252119,0.42881061307093193,479201,48.08147338211174
transport,4.740991129223855,7.99017901902018,62.76400056302329,0.4164402542578229,176512,47.90180591832524
fighter,12.2398733725079,5.995969664777808,472.34188884357206,0.11841463106507401,58719,12.775037324642723
fighter,11.063497868607563,8.746378373206685,189.17751310895468,0.13787055635375872,322027,9.924577059443152
cruiser,9.341299192155759,8.952382492405212,69.08898062487096,0.7658790560561034,9825,317.1433537979677
transport,2.7498401270003576,7.147490861208621,63.182222278464934,0.30485187802767877,276061,47.08030121857412
transport,2.549405668890942,8.973748017961752,62.13154532806913,0.33458297713774193,535922,47.20470409085311
fighter,9.901730943398373,7.16212439986775,58.095068500891976,0.14506521861753252,395762,12.901908858067559
transport,3.5741315242259963,7.118834808611578,62.928158880749194,0.46967015317799143,435926,39.92655112634259
fighter,9.186049303903053,4.580780778535153,412.102111948224,0.10819513077435405,299594,12.178203088724528
fighter,8.27825556632923,8.353755603970097,268.1215609218705,0.13266102690518086,361911,13.905808696652347
transport,0.8608195037597102,8.01498844148452,62.29248637361705,0.3048964458039418,364601,46.15197244194596
